Timestamp,IP,City,State,Country,Latitude,Longitude,ISP
2025-03-19 13:51:11,119.235.52.56,Hyderabad,Telangana,India,17.40650,78.47724,VAINAVIINDUSTRIESLTD
2025-03-20 15:38:19,119.235.52.56,Hyderabad,Telangana,India,17.40650,78.47724,VAINAVIINDUSTRIESLTD
2025-03-22 23:11:32,103.146.131.193,Secunderabad,Telangana,India,20.59368,78.96288,Skyair Telecom Private Limited
2025-03-24 15:09:11,119.235.52.56,Hyderabad,Telangana,India,17.40650,78.47724,VAINAVIINDUSTRIESLTD
2025-03-26 19:26:08,103.41.98.66,Hyderabad,Telangana,India,17.40650,78.47724,Pioneer Elabs Ltd.
2025-03-26 21:20:42,103.41.98.66,Hyderabad,Telangana,India,17.40650,78.47724,Pioneer Elabs Ltd.
2025-03-27 04:05:09,103.41.98.66,Hyderabad,Telangana,India,17.40650,78.47724,Pioneer Elabs Ltd.
2025-03-27 04:40:25,103.41.98.66,Hyderabad,Telangana,India,17.40650,78.47724,Pioneer Elabs Ltd.
2025-03-27 04:44:45,103.41.98.66,Hyderabad,Telangana,India,17.40650,78.47724,Pioneer Elabs Ltd.
2025-03-27 04:53:24,103.41.98.66,Hyderabad,Telangana,India,17.40650,78.47724,Pioneer Elabs Ltd.
2025-03-27 04:55:07,103.41.98.66,Hyderabad,Telangana,India,17.40650,78.47724,Pioneer Elabs Ltd.
2025-03-27 10:56:24,103.41.98.66,Hyderabad,Telangana,India,17.40650,78.47724,Pioneer Elabs Ltd.
2025-04-01 14:36:14,2401:4900:1cb2:b16f:1d9:8305:a1ab:32c2,Gurugram,Haryana,India,28.44324,77.05501,Bharti Airtel Limited
2025-04-03 09:38:32,119.235.52.56,Hyderabad,Telangana,India,17.40650,78.47724,VAINAVIINDUSTRIESLTD
2025-04-07 14:53:15,119.235.52.56,Hyderabad,Telangana,India,17.40650,78.47724,VAINAVIINDUSTRIESLTD
2025-04-07 14:54:30,119.235.52.56,Hyderabad,Telangana,India,17.40650,78.47724,VAINAVIINDUSTRIESLTD
